[{"model": "admin.logentry", "pk": 1, "fields": {"action_time": "2024-10-21T19:18:45.895Z", "user": 1, "content_type": 4, "object_id": "2", "object_repr": "LKM05", "action_flag": 1, "change_message": "[{\"added\": {}}]"}}, {"model": "admin.logentry", "pk": 2, "fields": {"action_time": "2024-10-21T19:19:35.433Z", "user": 1, "content_type": 4, "object_id": "2", "object_repr": "LKM05", "action_flag": 3, "change_message": ""}}, {"model": "admin.logentry", "pk": 3, "fields": {"action_time": "2024-10-21T19:20:33.230Z", "user": 1, "content_type": 7, "object_id": "1", "object_repr": "MANAGEMENT", "action_flag": 1, "change_message": "[{\"added\": {}}]"}}, {"model": "admin.logentry", "pk": 4, "fields": {"action_time": "2024-10-21T19:20:43.588Z", "user": 1, "content_type": 7, "object_id": "2", "object_repr": "CONTEN", "action_flag": 1, "change_message": "[{\"added\": {}}]"}}, {"model": "admin.logentry", "pk": 5, "fields": {"action_time": "2024-10-21T19:20:57.150Z", "user": 1, "content_type": 7, "object_id": "2", "object_repr": "CONTENT", "action_flag": 2, "change_message": "[{\"changed\": {\"fields\": [\"Name\"]}}]"}}, {"model": "admin.logentry", "pk": 6, "fields": {"action_time": "2024-10-21T19:21:11.328Z", "user": 1, "content_type": 7, "object_id": "3", "object_repr": "PRODUCT", "action_flag": 1, "change_message": "[{\"added\": {}}]"}}, {"model": "admin.logentry", "pk": 7, "fields": {"action_time": "2024-10-21T19:21:18.054Z", "user": 1, "content_type": 7, "object_id": "4", "object_repr": "SALES", "action_flag": 1, "change_message": "[{\"added\": {}}]"}}, {"model": "admin.logentry", "pk": 8, "fields": {"action_time": "2024-10-21T19:21:26.641Z", "user": 1, "content_type": 7, "object_id": "5", "object_repr": "TECH", "action_flag": 1, "change_message": "[{\"added\": {}}]"}}, {"model": "admin.logentry", "pk": 9, "fields": {"action_time": "2024-10-21T19:21:34.743Z", "user": 1, "content_type": 7, "object_id": "6", "object_repr": "HR", "action_flag": 1, "change_message": "[{\"added\": {}}]"}}, {"model": "admin.logentry", "pk": 10, "fields": {"action_time": "2024-10-21T19:21:43.218Z", "user": 1, "content_type": 7, "object_id": "7", "object_repr": "FINANCE", "action_flag": 1, "change_message": "[{\"added\": {}}]"}}, {"model": "admin.logentry", "pk": 11, "fields": {"action_time": "2024-10-21T19:21:50.287Z", "user": 1, "content_type": 7, "object_id": "8", "object_repr": "LEGAL", "action_flag": 1, "change_message": "[{\"added\": {}}]"}}, {"model": "admin.logentry", "pk": 12, "fields": {"action_time": "2024-10-21T19:23:12.372Z", "user": 1, "content_type": 4, "object_id": "3", "object_repr": "LKM05", "action_flag": 1, "change_message": "[{\"added\": {}}]"}}, {"model": "admin.logentry", "pk": 13, "fields": {"action_time": "2024-10-21T19:23:29.818Z", "user": 1, "content_type": 4, "object_id": "4", "object_repr": "LKM06", "action_flag": 1, "change_message": "[{\"added\": {}}]"}}, {"model": "admin.logentry", "pk": 14, "fields": {"action_time": "2024-10-21T19:23:44.807Z", "user": 1, "content_type": 4, "object_id": "5", "object_repr": "LKM07", "action_flag": 1, "change_message": "[{\"added\": {}}]"}}, {"model": "admin.logentry", "pk": 15, "fields": {"action_time": "2024-10-21T19:24:00.014Z", "user": 1, "content_type": 4, "object_id": "6", "object_repr": "LKM08", "action_flag": 1, "change_message": "[{\"added\": {}}]"}}, {"model": "admin.logentry", "pk": 16, "fields": {"action_time": "2024-10-21T19:24:28.407Z", "user": 1, "content_type": 4, "object_id": "7", "object_repr": "LKM09", "action_flag": 1, "change_message": "[{\"added\": {}}]"}}, {"model": "admin.logentry", "pk": 17, "fields": {"action_time": "2024-10-21T19:25:11.078Z", "user": 1, "content_type": 4, "object_id": "8", "object_repr": "LKM10", "action_flag": 1, "change_message": "[{\"added\": {}}]"}}, {"model": "admin.logentry", "pk": 18, "fields": {"action_time": "2024-10-21T19:25:21.473Z", "user": 1, "content_type": 4, "object_id": "9", "object_repr": "LKM11", "action_flag": 1, "change_message": "[{\"added\": {}}]"}}, {"model": "admin.logentry", "pk": 19, "fields": {"action_time": "2024-10-21T19:25:31.072Z", "user": 1, "content_type": 4, "object_id": "10", "object_repr": "LKM12", "action_flag": 1, "change_message": "[{\"added\": {}}]"}}, {"model": "admin.logentry", "pk": 20, "fields": {"action_time": "2024-10-21T19:26:06.988Z", "user": 1, "content_type": 9, "object_id": "1", "object_repr": "LKM04", "action_flag": 1, "change_message": "[{\"added\": {}}]"}}, {"model": "admin.logentry", "pk": 21, "fields": {"action_time": "2024-10-21T19:26:21.155Z", "user": 1, "content_type": 9, "object_id": "2", "object_repr": "LKM05", "action_flag": 1, "change_message": "[{\"added\": {}}]"}}, {"model": "admin.logentry", "pk": 22, "fields": {"action_time": "2024-10-21T19:26:30.130Z", "user": 1, "content_type": 9, "object_id": "3", "object_repr": "LKM06", "action_flag": 1, "change_message": "[{\"added\": {}}]"}}, {"model": "admin.logentry", "pk": 23, "fields": {"action_time": "2024-10-21T19:27:08.019Z", "user": 1, "content_type": 9, "object_id": "4", "object_repr": "LKM07", "action_flag": 1, "change_message": "[{\"added\": {}}]"}}, {"model": "admin.logentry", "pk": 24, "fields": {"action_time": "2024-10-21T19:27:24.243Z", "user": 1, "content_type": 9, "object_id": "5", "object_repr": "LKM08", "action_flag": 1, "change_message": "[{\"added\": {}}]"}}, {"model": "admin.logentry", "pk": 25, "fields": {"action_time": "2024-10-21T19:28:00.228Z", "user": 1, "content_type": 9, "object_id": "6", "object_repr": "LKM09", "action_flag": 1, "change_message": "[{\"added\": {}}]"}}, {"model": "admin.logentry", "pk": 26, "fields": {"action_time": "2024-10-21T19:28:32.542Z", "user": 1, "content_type": 9, "object_id": "7", "object_repr": "LKM10", "action_flag": 1, "change_message": "[{\"added\": {}}]"}}, {"model": "admin.logentry", "pk": 27, "fields": {"action_time": "2024-10-21T19:28:49.188Z", "user": 1, "content_type": 9, "object_id": "8", "object_repr": "LKM11", "action_flag": 1, "change_message": "[{\"added\": {}}]"}}, {"model": "admin.logentry", "pk": 28, "fields": {"action_time": "2024-10-21T19:29:02.849Z", "user": 1, "content_type": 9, "object_id": "9", "object_repr": "LKM12", "action_flag": 1, "change_message": "[{\"added\": {}}]"}}, {"model": "admin.logentry", "pk": 29, "fields": {"action_time": "2024-10-21T20:11:03.427Z", "user": 1, "content_type": 9, "object_id": "1", "object_repr": "LKM04", "action_flag": 2, "change_message": "[{\"changed\": {\"fields\": [\"Category\"]}}]"}}, {"model": "admin.logentry", "pk": 30, "fields": {"action_time": "2024-10-21T20:12:28.362Z", "user": 1, "content_type": 9, "object_id": "1", "object_repr": "LKM04", "action_flag": 2, "change_message": "[{\"changed\": {\"fields\": [\"Category\"]}}]"}}, {"model": "admin.logentry", "pk": 31, "fields": {"action_time": "2024-10-23T06:20:15.605Z", "user": 1, "content_type": 8, "object_id": "4", "object_repr": "-JZLR3P", "action_flag": 3, "change_message": ""}}, {"model": "admin.logentry", "pk": 32, "fields": {"action_time": "2024-10-27T18:04:52.480Z", "user": 1, "content_type": 7, "object_id": "8", "object_repr": "LEGAL", "action_flag": 3, "change_message": ""}}, {"model": "admin.logentry", "pk": 33, "fields": {"action_time": "2024-10-27T18:05:07.431Z", "user": 1, "content_type": 7, "object_id": "7", "object_repr": "FINANCE", "action_flag": 3, "change_message": ""}}, {"model": "admin.logentry", "pk": 34, "fields": {"action_time": "2024-10-27T18:05:21.902Z", "user": 1, "content_type": 7, "object_id": "6", "object_repr": "HR", "action_flag": 3, "change_message": ""}}, {"model": "admin.logentry", "pk": 35, "fields": {"action_time": "2024-10-27T18:05:37.711Z", "user": 1, "content_type": 7, "object_id": "5", "object_repr": "TECHNOLOGY", "action_flag": 2, "change_message": "[{\"changed\": {\"fields\": [\"Name\"]}}]"}}, {"model": "admin.logentry", "pk": 36, "fields": {"action_time": "2024-10-27T18:06:04.143Z", "user": 1, "content_type": 4, "object_id": "3", "object_repr": "LKM05", "action_flag": 3, "change_message": ""}}, {"model": "admin.logentry", "pk": 37, "fields": {"action_time": "2024-10-27T18:06:09.797Z", "user": 1, "content_type": 4, "object_id": "4", "object_repr": "LKM06", "action_flag": 3, "change_message": ""}}, {"model": "admin.logentry", "pk": 38, "fields": {"action_time": "2024-10-27T18:06:15.064Z", "user": 1, "content_type": 4, "object_id": "5", "object_repr": "LKM07", "action_flag": 3, "change_message": ""}}, {"model": "admin.logentry", "pk": 39, "fields": {"action_time": "2024-10-27T18:06:24.253Z", "user": 1, "content_type": 4, "object_id": "6", "object_repr": "LKM08", "action_flag": 3, "change_message": ""}}, {"model": "admin.logentry", "pk": 40, "fields": {"action_time": "2024-10-27T18:06:30.214Z", "user": 1, "content_type": 4, "object_id": "7", "object_repr": "LKM09", "action_flag": 3, "change_message": ""}}, {"model": "admin.logentry", "pk": 41, "fields": {"action_time": "2024-10-27T18:06:35.700Z", "user": 1, "content_type": 4, "object_id": "8", "object_repr": "LKM10", "action_flag": 3, "change_message": ""}}, {"model": "admin.logentry", "pk": 42, "fields": {"action_time": "2024-10-27T18:06:40.588Z", "user": 1, "content_type": 4, "object_id": "9", "object_repr": "LKM11", "action_flag": 3, "change_message": ""}}, {"model": "admin.logentry", "pk": 43, "fields": {"action_time": "2024-10-27T18:06:46.021Z", "user": 1, "content_type": 4, "object_id": "10", "object_repr": "LKM12", "action_flag": 3, "change_message": ""}}, {"model": "admin.logentry", "pk": 44, "fields": {"action_time": "2024-10-27T18:08:15.870Z", "user": 1, "content_type": 4, "object_id": "11", "object_repr": "Gopala_Krishnan", "action_flag": 1, "change_message": "[{\"added\": {}}]"}}, {"model": "admin.logentry", "pk": 45, "fields": {"action_time": "2024-10-27T18:09:11.917Z", "user": 1, "content_type": 4, "object_id": "11", "object_repr": "Gopala_Krishnan", "action_flag": 2, "change_message": "[{\"changed\": {\"fields\": [\"First name\", \"Last name\", \"Email address\"]}}]"}}, {"model": "admin.logentry", "pk": 46, "fields": {"action_time": "2024-10-27T18:10:26.007Z", "user": 1, "content_type": 4, "object_id": "12", "object_repr": "Amit_Gupta", "action_flag": 1, "change_message": "[{\"added\": {}}]"}}, {"model": "admin.logentry", "pk": 47, "fields": {"action_time": "2024-10-27T18:10:48.785Z", "user": 1, "content_type": 4, "object_id": "12", "object_repr": "Amit_Gupta", "action_flag": 2, "change_message": "[{\"changed\": {\"fields\": [\"First name\", \"Last name\", \"Email address\"]}}]"}}, {"model": "admin.logentry", "pk": 48, "fields": {"action_time": "2024-10-27T18:11:13.543Z", "user": 1, "content_type": 4, "object_id": "13", "object_repr": "Simran_Galani", "action_flag": 1, "change_message": "[{\"added\": {}}]"}}, {"model": "admin.logentry", "pk": 49, "fields": {"action_time": "2024-10-27T18:11:42.317Z", "user": 1, "content_type": 4, "object_id": "13", "object_repr": "Simran_Galani", "action_flag": 2, "change_message": "[{\"changed\": {\"fields\": [\"First name\", \"Last name\", \"Email address\"]}}]"}}, {"model": "admin.logentry", "pk": 50, "fields": {"action_time": "2024-10-27T18:13:13.978Z", "user": 1, "content_type": 4, "object_id": "14", "object_repr": "Janvi_Ojha", "action_flag": 1, "change_message": "[{\"added\": {}}]"}}, {"model": "admin.logentry", "pk": 51, "fields": {"action_time": "2024-10-27T18:13:40.790Z", "user": 1, "content_type": 4, "object_id": "14", "object_repr": "Janvi_Ojha", "action_flag": 2, "change_message": "[{\"changed\": {\"fields\": [\"First name\", \"Last name\", \"Email address\"]}}]"}}, {"model": "admin.logentry", "pk": 52, "fields": {"action_time": "2024-10-27T18:14:03.523Z", "user": 1, "content_type": 4, "object_id": "15", "object_repr": "Shivani_Kanathia", "action_flag": 1, "change_message": "[{\"added\": {}}]"}}, {"model": "admin.logentry", "pk": 53, "fields": {"action_time": "2024-10-27T18:14:27.522Z", "user": 1, "content_type": 4, "object_id": "15", "object_repr": "Shivani_Kanathia", "action_flag": 2, "change_message": "[{\"changed\": {\"fields\": [\"First name\", \"Last name\", \"Email address\"]}}]"}}, {"model": "admin.logentry", "pk": 54, "fields": {"action_time": "2024-10-27T18:15:20.227Z", "user": 1, "content_type": 4, "object_id": "16", "object_repr": "Sheyla_Gowher", "action_flag": 1, "change_message": "[{\"added\": {}}]"}}, {"model": "admin.logentry", "pk": 55, "fields": {"action_time": "2024-10-27T18:15:47.404Z", "user": 1, "content_type": 4, "object_id": "16", "object_repr": "Sheyla_Gowher", "action_flag": 2, "change_message": "[{\"changed\": {\"fields\": [\"First name\", \"Last name\", \"Email address\"]}}]"}}, {"model": "admin.logentry", "pk": 56, "fields": {"action_time": "2024-10-27T18:16:21.769Z", "user": 1, "content_type": 4, "object_id": "17", "object_repr": "Taniya_Adwani", "action_flag": 1, "change_message": "[{\"added\": {}}]"}}, {"model": "admin.logentry", "pk": 57, "fields": {"action_time": "2024-10-27T18:16:54.043Z", "user": 1, "content_type": 4, "object_id": "17", "object_repr": "Taniya_Adwani", "action_flag": 2, "change_message": "[{\"changed\": {\"fields\": [\"First name\", \"Last name\", \"Email address\"]}}]"}}, {"model": "admin.logentry", "pk": 58, "fields": {"action_time": "2024-10-27T18:17:27.180Z", "user": 1, "content_type": 4, "object_id": "18", "object_repr": "Prathamesh_Jadhav", "action_flag": 1, "change_message": "[{\"added\": {}}]"}}, {"model": "admin.logentry", "pk": 59, "fields": {"action_time": "2024-10-27T18:17:53.094Z", "user": 1, "content_type": 4, "object_id": "18", "object_repr": "Prathamesh_Jadhav", "action_flag": 2, "change_message": "[{\"changed\": {\"fields\": [\"First name\", \"Last name\", \"Email address\"]}}]"}}, {"model": "admin.logentry", "pk": 60, "fields": {"action_time": "2024-10-27T18:18:37.624Z", "user": 1, "content_type": 4, "object_id": "19", "object_repr": "M.Reddy_Devi_Vara_Prasad", "action_flag": 1, "change_message": "[{\"added\": {}}]"}}, {"model": "admin.logentry", "pk": 61, "fields": {"action_time": "2024-10-27T18:18:50.166Z", "user": 1, "content_type": 4, "object_id": "19", "object_repr": "M.Reddy_Devi_Vara_Prasad", "action_flag": 2, "change_message": "[{\"changed\": {\"fields\": [\"Email address\"]}}]"}}, {"model": "admin.logentry", "pk": 62, "fields": {"action_time": "2024-10-27T18:19:16.045Z", "user": 1, "content_type": 4, "object_id": "20", "object_repr": "Aviral_Kanodia", "action_flag": 1, "change_message": "[{\"added\": {}}]"}}, {"model": "admin.logentry", "pk": 63, "fields": {"action_time": "2024-10-27T18:19:29.209Z", "user": 1, "content_type": 4, "object_id": "20", "object_repr": "Aviral_Kanodia", "action_flag": 2, "change_message": "[{\"changed\": {\"fields\": [\"Email address\"]}}]"}}, {"model": "admin.logentry", "pk": 64, "fields": {"action_time": "2024-10-27T18:20:03.065Z", "user": 1, "content_type": 4, "object_id": "21", "object_repr": "Niomi_Samani", "action_flag": 1, "change_message": "[{\"added\": {}}]"}}, {"model": "admin.logentry", "pk": 65, "fields": {"action_time": "2024-10-27T18:20:14.719Z", "user": 1, "content_type": 4, "object_id": "21", "object_repr": "Niomi_Samani", "action_flag": 2, "change_message": "[{\"changed\": {\"fields\": [\"Email address\"]}}]"}}, {"model": "admin.logentry", "pk": 66, "fields": {"action_time": "2024-10-27T18:20:36.739Z", "user": 1, "content_type": 4, "object_id": "22", "object_repr": "Khushan_Poptani", "action_flag": 1, "change_message": "[{\"added\": {}}]"}}, {"model": "admin.logentry", "pk": 67, "fields": {"action_time": "2024-10-27T18:20:50.043Z", "user": 1, "content_type": 4, "object_id": "22", "object_repr": "Khushan_Poptani", "action_flag": 2, "change_message": "[{\"changed\": {\"fields\": [\"Email address\"]}}]"}}, {"model": "admin.logentry", "pk": 68, "fields": {"action_time": "2024-10-27T18:21:18.855Z", "user": 1, "content_type": 4, "object_id": "23", "object_repr": "Nikhil_Verma", "action_flag": 1, "change_message": "[{\"added\": {}}]"}}, {"model": "admin.logentry", "pk": 69, "fields": {"action_time": "2024-10-27T18:21:31.533Z", "user": 1, "content_type": 4, "object_id": "23", "object_repr": "Nikhil_Verma", "action_flag": 2, "change_message": "[{\"changed\": {\"fields\": [\"Email address\"]}}]"}}, {"model": "admin.logentry", "pk": 70, "fields": {"action_time": "2024-10-27T18:21:59.597Z", "user": 1, "content_type": 4, "object_id": "24", "object_repr": "Gunjit_Sinha", "action_flag": 1, "change_message": "[{\"added\": {}}]"}}, {"model": "admin.logentry", "pk": 71, "fields": {"action_time": "2024-10-27T18:22:10.418Z", "user": 1, "content_type": 4, "object_id": "24", "object_repr": "Gunjit_Sinha", "action_flag": 2, "change_message": "[{\"changed\": {\"fields\": [\"Email address\"]}}]"}}, {"model": "admin.logentry", "pk": 72, "fields": {"action_time": "2024-10-27T18:22:38.081Z", "user": 1, "content_type": 4, "object_id": "25", "object_repr": "Lokesh_Mehra", "action_flag": 1, "change_message": "[{\"added\": {}}]"}}, {"model": "admin.logentry", "pk": 73, "fields": {"action_time": "2024-10-27T18:22:52.887Z", "user": 1, "content_type": 4, "object_id": "25", "object_repr": "Lokesh_Mehra", "action_flag": 2, "change_message": "[{\"changed\": {\"fields\": [\"Email address\"]}}]"}}, {"model": "admin.logentry", "pk": 74, "fields": {"action_time": "2024-10-27T18:23:17.439Z", "user": 1, "content_type": 4, "object_id": "26", "object_repr": "Chinmay_Singh", "action_flag": 1, "change_message": "[{\"added\": {}}]"}}, {"model": "admin.logentry", "pk": 75, "fields": {"action_time": "2024-10-27T18:23:29.427Z", "user": 1, "content_type": 4, "object_id": "26", "object_repr": "Chinmay_Singh", "action_flag": 2, "change_message": "[{\"changed\": {\"fields\": [\"Email address\"]}}]"}}, {"model": "admin.logentry", "pk": 76, "fields": {"action_time": "2024-10-27T18:23:55.738Z", "user": 1, "content_type": 4, "object_id": "27", "object_repr": "Hima_Shaju", "action_flag": 1, "change_message": "[{\"added\": {}}]"}}, {"model": "admin.logentry", "pk": 77, "fields": {"action_time": "2024-10-27T18:24:10.078Z", "user": 1, "content_type": 4, "object_id": "27", "object_repr": "Hima_Shaju", "action_flag": 2, "change_message": "[{\"changed\": {\"fields\": [\"Email address\"]}}]"}}, {"model": "admin.logentry", "pk": 78, "fields": {"action_time": "2024-10-27T18:26:51.581Z", "user": 1, "content_type": 4, "object_id": "28", "object_repr": "Ayush_Khopade", "action_flag": 1, "change_message": "[{\"added\": {}}]"}}, {"model": "admin.logentry", "pk": 79, "fields": {"action_time": "2024-10-27T18:27:04.092Z", "user": 1, "content_type": 4, "object_id": "28", "object_repr": "Ayush_Khopade", "action_flag": 2, "change_message": "[{\"changed\": {\"fields\": [\"Email address\"]}}]"}}, {"model": "admin.logentry", "pk": 80, "fields": {"action_time": "2024-10-27T18:27:43.322Z", "user": 1, "content_type": 4, "object_id": "29", "object_repr": "Bhavesh_Kataria", "action_flag": 1, "change_message": "[{\"added\": {}}]"}}, {"model": "admin.logentry", "pk": 81, "fields": {"action_time": "2024-10-27T18:27:58.098Z", "user": 1, "content_type": 4, "object_id": "29", "object_repr": "Bhavesh_Kataria", "action_flag": 2, "change_message": "[{\"changed\": {\"fields\": [\"Email address\"]}}]"}}, {"model": "admin.logentry", "pk": 82, "fields": {"action_time": "2024-10-27T18:28:36.902Z", "user": 1, "content_type": 4, "object_id": "30", "object_repr": "Vaibhavi_Konde", "action_flag": 1, "change_message": "[{\"added\": {}}]"}}, {"model": "admin.logentry", "pk": 83, "fields": {"action_time": "2024-10-27T18:28:52.588Z", "user": 1, "content_type": 4, "object_id": "30", "object_repr": "Vaibhavi_Konde", "action_flag": 2, "change_message": "[{\"changed\": {\"fields\": [\"Email address\"]}}]"}}, {"model": "admin.logentry", "pk": 84, "fields": {"action_time": "2024-10-27T18:29:16.270Z", "user": 1, "content_type": 4, "object_id": "31", "object_repr": "Dinesh_Kumar", "action_flag": 1, "change_message": "[{\"added\": {}}]"}}, {"model": "admin.logentry", "pk": 85, "fields": {"action_time": "2024-10-27T18:29:28.710Z", "user": 1, "content_type": 4, "object_id": "31", "object_repr": "Dinesh_Kumar", "action_flag": 2, "change_message": "[{\"changed\": {\"fields\": [\"Email address\"]}}]"}}, {"model": "admin.logentry", "pk": 86, "fields": {"action_time": "2024-10-27T18:29:51.881Z", "user": 1, "content_type": 4, "object_id": "32", "object_repr": "Ram_Choudhary", "action_flag": 1, "change_message": "[{\"added\": {}}]"}}, {"model": "admin.logentry", "pk": 87, "fields": {"action_time": "2024-10-27T18:30:06.761Z", "user": 1, "content_type": 4, "object_id": "32", "object_repr": "Ram_Choudhary", "action_flag": 2, "change_message": "[{\"changed\": {\"fields\": [\"Email address\"]}}]"}}, {"model": "admin.logentry", "pk": 88, "fields": {"action_time": "2024-10-27T18:30:32.377Z", "user": 1, "content_type": 4, "object_id": "33", "object_repr": "Rashmi_Mohan", "action_flag": 1, "change_message": "[{\"added\": {}}]"}}, {"model": "admin.logentry", "pk": 89, "fields": {"action_time": "2024-10-27T18:30:50.160Z", "user": 1, "content_type": 4, "object_id": "33", "object_repr": "Rashmi_Mohan", "action_flag": 2, "change_message": "[{\"changed\": {\"fields\": [\"Email address\"]}}]"}}, {"model": "admin.logentry", "pk": 90, "fields": {"action_time": "2024-10-27T18:31:10.558Z", "user": 1, "content_type": 4, "object_id": "34", "object_repr": "Mubashir", "action_flag": 1, "change_message": "[{\"added\": {}}]"}}, {"model": "admin.logentry", "pk": 91, "fields": {"action_time": "2024-10-27T18:31:23.701Z", "user": 1, "content_type": 4, "object_id": "34", "object_repr": "Mubashir", "action_flag": 2, "change_message": "[{\"changed\": {\"fields\": [\"Email address\"]}}]"}}, {"model": "admin.logentry", "pk": 92, "fields": {"action_time": "2024-10-27T18:31:43.342Z", "user": 1, "content_type": 4, "object_id": "35", "object_repr": "Souvik", "action_flag": 1, "change_message": "[{\"added\": {}}]"}}, {"model": "admin.logentry", "pk": 93, "fields": {"action_time": "2024-10-27T18:32:00.711Z", "user": 1, "content_type": 4, "object_id": "35", "object_repr": "Souvik", "action_flag": 2, "change_message": "[{\"changed\": {\"fields\": [\"Email address\"]}}]"}}, {"model": "admin.logentry", "pk": 94, "fields": {"action_time": "2024-10-27T18:32:22.889Z", "user": 1, "content_type": 4, "object_id": "36", "object_repr": "Rounak", "action_flag": 1, "change_message": "[{\"added\": {}}]"}}, {"model": "admin.logentry", "pk": 95, "fields": {"action_time": "2024-10-27T18:32:36.212Z", "user": 1, "content_type": 4, "object_id": "36", "object_repr": "Rounak", "action_flag": 2, "change_message": "[{\"changed\": {\"fields\": [\"Email address\"]}}]"}}, {"model": "admin.logentry", "pk": 96, "fields": {"action_time": "2024-10-27T18:33:12.075Z", "user": 1, "content_type": 4, "object_id": "37", "object_repr": "Dr_Blessy", "action_flag": 1, "change_message": "[{\"added\": {}}]"}}, {"model": "admin.logentry", "pk": 97, "fields": {"action_time": "2024-10-27T18:33:35.616Z", "user": 1, "content_type": 4, "object_id": "38", "object_repr": "Dr_Raji", "action_flag": 1, "change_message": "[{\"added\": {}}]"}}, {"model": "admin.logentry", "pk": 98, "fields": {"action_time": "2024-10-27T18:33:47.984Z", "user": 1, "content_type": 4, "object_id": "38", "object_repr": "Dr_Raji", "action_flag": 2, "change_message": "[{\"changed\": {\"fields\": [\"Email address\"]}}]"}}, {"model": "admin.logentry", "pk": 99, "fields": {"action_time": "2024-10-27T18:34:12.013Z", "user": 1, "content_type": 4, "object_id": "39", "object_repr": "Dr_Subha", "action_flag": 1, "change_message": "[{\"added\": {}}]"}}, {"model": "admin.logentry", "pk": 100, "fields": {"action_time": "2024-10-27T18:34:24.682Z", "user": 1, "content_type": 4, "object_id": "39", "object_repr": "Dr_Subha", "action_flag": 2, "change_message": "[{\"changed\": {\"fields\": [\"Email address\"]}}]"}}, {"model": "admin.logentry", "pk": 101, "fields": {"action_time": "2024-10-27T18:34:49.300Z", "user": 1, "content_type": 4, "object_id": "40", "object_repr": "Dr_Manvi", "action_flag": 1, "change_message": "[{\"added\": {}}]"}}, {"model": "admin.logentry", "pk": 102, "fields": {"action_time": "2024-10-27T18:35:01.853Z", "user": 1, "content_type": 4, "object_id": "40", "object_repr": "Dr_Manvi", "action_flag": 2, "change_message": "[{\"changed\": {\"fields\": [\"Email address\"]}}]"}}, {"model": "admin.logentry", "pk": 103, "fields": {"action_time": "2024-10-27T18:35:28.961Z", "user": 1, "content_type": 4, "object_id": "41", "object_repr": "Prathamesh", "action_flag": 1, "change_message": "[{\"added\": {}}]"}}, {"model": "admin.logentry", "pk": 104, "fields": {"action_time": "2024-10-27T18:35:42.409Z", "user": 1, "content_type": 4, "object_id": "41", "object_repr": "Prathamesh", "action_flag": 2, "change_message": "[{\"changed\": {\"fields\": [\"Email address\"]}}]"}}, {"model": "admin.logentry", "pk": 105, "fields": {"action_time": "2024-10-27T18:36:04.201Z", "user": 1, "content_type": 4, "object_id": "42", "object_repr": "weta", "action_flag": 1, "change_message": "[{\"added\": {}}]"}}, {"model": "admin.logentry", "pk": 106, "fields": {"action_time": "2024-10-27T18:36:26.436Z", "user": 1, "content_type": 4, "object_id": "42", "object_repr": "Sweta", "action_flag": 2, "change_message": "[{\"changed\": {\"fields\": [\"Username\", \"Email address\"]}}]"}}, {"model": "admin.logentry", "pk": 107, "fields": {"action_time": "2024-10-27T18:36:48.596Z", "user": 1, "content_type": 4, "object_id": "43", "object_repr": "Abhilasha", "action_flag": 1, "change_message": "[{\"added\": {}}]"}}, {"model": "admin.logentry", "pk": 108, "fields": {"action_time": "2024-10-27T18:37:01.749Z", "user": 1, "content_type": 4, "object_id": "43", "object_repr": "Abhilasha", "action_flag": 2, "change_message": "[{\"changed\": {\"fields\": [\"Email address\"]}}]"}}, {"model": "admin.logentry", "pk": 109, "fields": {"action_time": "2024-10-27T18:37:36.158Z", "user": 1, "content_type": 4, "object_id": "44", "object_repr": "Srishti", "action_flag": 1, "change_message": "[{\"added\": {}}]"}}, {"model": "admin.logentry", "pk": 110, "fields": {"action_time": "2024-10-27T18:37:47.918Z", "user": 1, "content_type": 4, "object_id": "44", "object_repr": "Srishti", "action_flag": 2, "change_message": "[{\"changed\": {\"fields\": [\"Email address\"]}}]"}}, {"model": "admin.logentry", "pk": 111, "fields": {"action_time": "2024-10-27T18:38:08.575Z", "user": 1, "content_type": 4, "object_id": "45", "object_repr": "Joel", "action_flag": 1, "change_message": "[{\"added\": {}}]"}}, {"model": "admin.logentry", "pk": 112, "fields": {"action_time": "2024-10-27T18:38:27.594Z", "user": 1, "content_type": 4, "object_id": "45", "object_repr": "Joel", "action_flag": 2, "change_message": "[{\"changed\": {\"fields\": [\"Email address\"]}}]"}}, {"model": "admin.logentry", "pk": 113, "fields": {"action_time": "2024-10-27T18:38:56.082Z", "user": 1, "content_type": 4, "object_id": "46", "object_repr": "Faisal_Shaikh", "action_flag": 1, "change_message": "[{\"added\": {}}]"}}, {"model": "admin.logentry", "pk": 114, "fields": {"action_time": "2024-10-27T18:39:53.559Z", "user": 1, "content_type": 9, "object_id": "10", "object_repr": "Abhilasha", "action_flag": 1, "change_message": "[{\"added\": {}}]"}}, {"model": "admin.logentry", "pk": 115, "fields": {"action_time": "2024-10-27T18:40:13.083Z", "user": 1, "content_type": 9, "object_id": "11", "object_repr": "Amit_Gupta", "action_flag": 1, "change_message": "[{\"added\": {}}]"}}, {"model": "admin.logentry", "pk": 116, "fields": {"action_time": "2024-10-27T18:40:35.438Z", "user": 1, "content_type": 9, "object_id": "12", "object_repr": "Aviral_Kanodia", "action_flag": 1, "change_message": "[{\"added\": {}}]"}}, {"model": "admin.logentry", "pk": 117, "fields": {"action_time": "2024-10-27T18:40:53.876Z", "user": 1, "content_type": 9, "object_id": "13", "object_repr": "Ayush_Khopade", "action_flag": 1, "change_message": "[{\"added\": {}}]"}}, {"model": "admin.logentry", "pk": 118, "fields": {"action_time": "2024-10-27T18:41:17.410Z", "user": 1, "content_type": 9, "object_id": "14", "object_repr": "Bhavesh_Kataria", "action_flag": 1, "change_message": "[{\"added\": {}}]"}}, {"model": "admin.logentry", "pk": 119, "fields": {"action_time": "2024-10-27T18:41:34.495Z", "user": 1, "content_type": 9, "object_id": "15", "object_repr": "Chinmay_Singh", "action_flag": 1, "change_message": "[{\"added\": {}}]"}}, {"model": "admin.logentry", "pk": 120, "fields": {"action_time": "2024-10-27T18:41:50.850Z", "user": 1, "content_type": 9, "object_id": "16", "object_repr": "Dinesh_Kumar", "action_flag": 1, "change_message": "[{\"added\": {}}]"}}, {"model": "admin.logentry", "pk": 121, "fields": {"action_time": "2024-10-27T18:42:09.708Z", "user": 1, "content_type": 9, "object_id": "17", "object_repr": "Dr_Blessy", "action_flag": 1, "change_message": "[{\"added\": {}}]"}}, {"model": "admin.logentry", "pk": 122, "fields": {"action_time": "2024-10-27T18:42:26.609Z", "user": 1, "content_type": 9, "object_id": "18", "object_repr": "Dr_Manvi", "action_flag": 1, "change_message": "[{\"added\": {}}]"}}, {"model": "admin.logentry", "pk": 123, "fields": {"action_time": "2024-10-27T18:42:41.073Z", "user": 1, "content_type": 9, "object_id": "19", "object_repr": "Dr_Raji", "action_flag": 1, "change_message": "[{\"added\": {}}]"}}, {"model": "admin.logentry", "pk": 124, "fields": {"action_time": "2024-10-27T18:42:58.766Z", "user": 1, "content_type": 9, "object_id": "20", "object_repr": "Dr_Subha", "action_flag": 1, "change_message": "[{\"added\": {}}]"}}, {"model": "admin.logentry", "pk": 125, "fields": {"action_time": "2024-10-27T18:43:13.286Z", "user": 1, "content_type": 9, "object_id": "21", "object_repr": "Faisal_Shaikh", "action_flag": 1, "change_message": "[{\"added\": {}}]"}}, {"model": "admin.logentry", "pk": 126, "fields": {"action_time": "2024-10-27T18:43:24.066Z", "user": 1, "content_type": 9, "object_id": "22", "object_repr": "Gopala_Krishnan", "action_flag": 1, "change_message": "[{\"added\": {}}]"}}, {"model": "admin.logentry", "pk": 127, "fields": {"action_time": "2024-10-27T18:43:43.698Z", "user": 1, "content_type": 9, "object_id": "23", "object_repr": "Gunjit_Sinha", "action_flag": 1, "change_message": "[{\"added\": {}}]"}}, {"model": "admin.logentry", "pk": 128, "fields": {"action_time": "2024-10-27T18:44:02.600Z", "user": 1, "content_type": 9, "object_id": "24", "object_repr": "Hima_Shaju", "action_flag": 1, "change_message": "[{\"added\": {}}]"}}, {"model": "admin.logentry", "pk": 129, "fields": {"action_time": "2024-10-27T18:44:26.110Z", "user": 1, "content_type": 9, "object_id": "25", "object_repr": "Janvi_Ojha", "action_flag": 1, "change_message": "[{\"added\": {}}]"}}, {"model": "admin.logentry", "pk": 130, "fields": {"action_time": "2024-10-27T18:44:42.160Z", "user": 1, "content_type": 9, "object_id": "26", "object_repr": "Joel", "action_flag": 1, "change_message": "[{\"added\": {}}]"}}, {"model": "admin.logentry", "pk": 131, "fields": {"action_time": "2024-10-27T18:45:02.115Z", "user": 1, "content_type": 9, "object_id": "27", "object_repr": "Khushan_Poptani", "action_flag": 1, "change_message": "[{\"added\": {}}]"}}, {"model": "admin.logentry", "pk": 132, "fields": {"action_time": "2024-10-27T18:45:25.846Z", "user": 1, "content_type": 9, "object_id": "28", "object_repr": "Lokesh_Mehra", "action_flag": 1, "change_message": "[{\"added\": {}}]"}}, {"model": "admin.logentry", "pk": 133, "fields": {"action_time": "2024-10-27T18:45:35.362Z", "user": 1, "content_type": 9, "object_id": "29", "object_repr": "M.Reddy_Devi_Vara_Prasad", "action_flag": 1, "change_message": "[{\"added\": {}}]"}}, {"model": "admin.logentry", "pk": 134, "fields": {"action_time": "2024-10-27T18:45:52.443Z", "user": 1, "content_type": 9, "object_id": "30", "object_repr": "Mubashir", "action_flag": 1, "change_message": "[{\"added\": {}}]"}}, {"model": "admin.logentry", "pk": 135, "fields": {"action_time": "2024-10-27T18:46:14.400Z", "user": 1, "content_type": 9, "object_id": "31", "object_repr": "Nikhil_Verma", "action_flag": 1, "change_message": "[{\"added\": {}}]"}}, {"model": "admin.logentry", "pk": 136, "fields": {"action_time": "2024-10-27T18:46:34.207Z", "user": 1, "content_type": 9, "object_id": "32", "object_repr": "Niomi_Samani", "action_flag": 1, "change_message": "[{\"added\": {}}]"}}, {"model": "admin.logentry", "pk": 137, "fields": {"action_time": "2024-10-27T18:46:54.108Z", "user": 1, "content_type": 9, "object_id": "33", "object_repr": "Prathamesh", "action_flag": 1, "change_message": "[{\"added\": {}}]"}}, {"model": "admin.logentry", "pk": 138, "fields": {"action_time": "2024-10-27T18:47:23.458Z", "user": 1, "content_type": 9, "object_id": "34", "object_repr": "Prathamesh_Jadhav", "action_flag": 1, "change_message": "[{\"added\": {}}]"}}, {"model": "admin.logentry", "pk": 139, "fields": {"action_time": "2024-10-27T18:47:37.930Z", "user": 1, "content_type": 9, "object_id": "35", "object_repr": "Ram_Choudhary", "action_flag": 1, "change_message": "[{\"added\": {}}]"}}, {"model": "admin.logentry", "pk": 140, "fields": {"action_time": "2024-10-27T18:47:55.309Z", "user": 1, "content_type": 9, "object_id": "36", "object_repr": "Rashmi_Mohan", "action_flag": 1, "change_message": "[{\"added\": {}}]"}}, {"model": "admin.logentry", "pk": 141, "fields": {"action_time": "2024-10-27T18:48:15.614Z", "user": 1, "content_type": 9, "object_id": "37", "object_repr": "Rounak", "action_flag": 1, "change_message": "[{\"added\": {}}]"}}, {"model": "admin.logentry", "pk": 142, "fields": {"action_time": "2024-10-27T18:48:39.588Z", "user": 1, "content_type": 9, "object_id": "38", "object_repr": "Sheyla_Gowher", "action_flag": 1, "change_message": "[{\"added\": {}}]"}}, {"model": "admin.logentry", "pk": 143, "fields": {"action_time": "2024-10-27T18:48:54.024Z", "user": 1, "content_type": 9, "object_id": "39", "object_repr": "Shivani_Kanathia", "action_flag": 1, "change_message": "[{\"added\": {}}]"}}, {"model": "admin.logentry", "pk": 144, "fields": {"action_time": "2024-10-27T18:49:15.014Z", "user": 1, "content_type": 9, "object_id": "40", "object_repr": "Simran_Galani", "action_flag": 1, "change_message": "[{\"added\": {}}]"}}, {"model": "admin.logentry", "pk": 145, "fields": {"action_time": "2024-10-27T18:49:31.455Z", "user": 1, "content_type": 9, "object_id": "41", "object_repr": "Souvik", "action_flag": 1, "change_message": "[{\"added\": {}}]"}}, {"model": "admin.logentry", "pk": 146, "fields": {"action_time": "2024-10-27T18:49:57.032Z", "user": 1, "content_type": 9, "object_id": "42", "object_repr": "Srishti", "action_flag": 1, "change_message": "[{\"added\": {}}]"}}, {"model": "admin.logentry", "pk": 147, "fields": {"action_time": "2024-10-27T18:50:15.112Z", "user": 1, "content_type": 9, "object_id": "43", "object_repr": "Sweta", "action_flag": 1, "change_message": "[{\"added\": {}}]"}}, {"model": "admin.logentry", "pk": 148, "fields": {"action_time": "2024-10-27T18:50:40.495Z", "user": 1, "content_type": 9, "object_id": "44", "object_repr": "Taniya_Adwani", "action_flag": 1, "change_message": "[{\"added\": {}}]"}}, {"model": "admin.logentry", "pk": 149, "fields": {"action_time": "2024-10-27T18:50:57.764Z", "user": 1, "content_type": 9, "object_id": "45", "object_repr": "Vaibhavi_Konde", "action_flag": 1, "change_message": "[{\"added\": {}}]"}}, {"model": "admin.logentry", "pk": 150, "fields": {"action_time": "2024-10-27T18:51:46.470Z", "user": 1, "content_type": 9, "object_id": "11", "object_repr": "Amit_Gupta", "action_flag": 2, "change_message": "[{\"changed\": {\"fields\": [\"Department\"]}}]"}}, {"model": "admin.logentry", "pk": 151, "fields": {"action_time": "2024-10-27T18:51:55.939Z", "user": 1, "content_type": 9, "object_id": "22", "object_repr": "Gopala_Krishnan", "action_flag": 2, "change_message": "[{\"changed\": {\"fields\": [\"Department\"]}}]"}}, {"model": "admin.logentry", "pk": 152, "fields": {"action_time": "2024-10-27T18:52:31.065Z", "user": 1, "content_type": 8, "object_id": "8", "object_repr": "MAN-SX5DQ5", "action_flag": 3, "change_message": ""}}, {"model": "admin.logentry", "pk": 153, "fields": {"action_time": "2024-10-27T18:52:36.893Z", "user": 1, "content_type": 8, "object_id": "7", "object_repr": "MAN-CJLA4E", "action_flag": 3, "change_message": ""}}, {"model": "admin.logentry", "pk": 154, "fields": {"action_time": "2024-10-27T18:52:42.635Z", "user": 1, "content_type": 8, "object_id": "6", "object_repr": "TEC-HXTAU1", "action_flag": 3, "change_message": ""}}, {"model": "admin.logentry", "pk": 155, "fields": {"action_time": "2024-10-27T18:52:47.091Z", "user": 1, "content_type": 8, "object_id": "5", "object_repr": "TEC-ZB6WEZ", "action_flag": 3, "change_message": ""}}, {"model": "admin.logentry", "pk": 156, "fields": {"action_time": "2024-10-27T18:52:53.196Z", "user": 1, "content_type": 8, "object_id": "3", "object_repr": "TEC-PW9A4O", "action_flag": 3, "change_message": ""}}, {"model": "admin.logentry", "pk": 157, "fields": {"action_time": "2024-10-27T18:52:57.818Z", "user": 1, "content_type": 8, "object_id": "2", "object_repr": "TEC-2TG2JE", "action_flag": 3, "change_message": ""}}, {"model": "admin.logentry", "pk": 158, "fields": {"action_time": "2024-10-27T18:53:02.700Z", "user": 1, "content_type": 8, "object_id": "1", "object_repr": "MAN-T1F8DM", "action_flag": 3, "change_message": ""}}, {"model": "admin.logentry", "pk": 159, "fields": {"action_time": "2024-10-27T20:26:07.948Z", "user": 1, "content_type": 8, "object_id": "10", "object_repr": "TEC-NFQ6CG", "action_flag": 2, "change_message": "[{\"changed\": {\"fields\": [\"Task category functional\", \"Task category priority\", \"Status update assignee\"]}}]"}}, {"model": "admin.logentry", "pk": 160, "fields": {"action_time": "2024-10-28T11:42:04.650Z", "user": 1, "content_type": 4, "object_id": "1", "object_repr": "System_Manager", "action_flag": 2, "change_message": "[{\"changed\": {\"fields\": [\"Username\", \"Email address\"]}}]"}}, {"model": "admin.logentry", "pk": 161, "fields": {"action_time": "2024-10-28T11:42:04.681Z", "user": 1, "content_type": 4, "object_id": "1", "object_repr": "System_Manager", "action_flag": 2, "change_message": "[{\"changed\": {\"fields\": [\"Username\", \"Email address\"]}}]"}}, {"model": "auth.permission", "pk": 1, "fields": {"name": "Can add log entry", "content_type": 1, "codename": "add_logentry"}}, {"model": "auth.permission", "pk": 2, "fields": {"name": "Can change log entry", "content_type": 1, "codename": "change_logentry"}}, {"model": "auth.permission", "pk": 3, "fields": {"name": "Can delete log entry", "content_type": 1, "codename": "delete_logentry"}}, {"model": "auth.permission", "pk": 4, "fields": {"name": "Can view log entry", "content_type": 1, "codename": "view_logentry"}}, {"model": "auth.permission", "pk": 5, "fields": {"name": "Can add permission", "content_type": 2, "codename": "add_permission"}}, {"model": "auth.permission", "pk": 6, "fields": {"name": "Can change permission", "content_type": 2, "codename": "change_permission"}}, {"model": "auth.permission", "pk": 7, "fields": {"name": "Can delete permission", "content_type": 2, "codename": "delete_permission"}}, {"model": "auth.permission", "pk": 8, "fields": {"name": "Can view permission", "content_type": 2, "codename": "view_permission"}}, {"model": "auth.permission", "pk": 9, "fields": {"name": "Can add group", "content_type": 3, "codename": "add_group"}}, {"model": "auth.permission", "pk": 10, "fields": {"name": "Can change group", "content_type": 3, "codename": "change_group"}}, {"model": "auth.permission", "pk": 11, "fields": {"name": "Can delete group", "content_type": 3, "codename": "delete_group"}}, {"model": "auth.permission", "pk": 12, "fields": {"name": "Can view group", "content_type": 3, "codename": "view_group"}}, {"model": "auth.permission", "pk": 13, "fields": {"name": "Can add user", "content_type": 4, "codename": "add_user"}}, {"model": "auth.permission", "pk": 14, "fields": {"name": "Can change user", "content_type": 4, "codename": "change_user"}}, {"model": "auth.permission", "pk": 15, "fields": {"name": "Can delete user", "content_type": 4, "codename": "delete_user"}}, {"model": "auth.permission", "pk": 16, "fields": {"name": "Can view user", "content_type": 4, "codename": "view_user"}}, {"model": "auth.permission", "pk": 17, "fields": {"name": "Can add content type", "content_type": 5, "codename": "add_contenttype"}}, {"model": "auth.permission", "pk": 18, "fields": {"name": "Can change content type", "content_type": 5, "codename": "change_contenttype"}}, {"model": "auth.permission", "pk": 19, "fields": {"name": "Can delete content type", "content_type": 5, "codename": "delete_contenttype"}}, {"model": "auth.permission", "pk": 20, "fields": {"name": "Can view content type", "content_type": 5, "codename": "view_contenttype"}}, {"model": "auth.permission", "pk": 21, "fields": {"name": "Can add session", "content_type": 6, "codename": "add_session"}}, {"model": "auth.permission", "pk": 22, "fields": {"name": "Can change session", "content_type": 6, "codename": "change_session"}}, {"model": "auth.permission", "pk": 23, "fields": {"name": "Can delete session", "content_type": 6, "codename": "delete_session"}}, {"model": "auth.permission", "pk": 24, "fields": {"name": "Can view session", "content_type": 6, "codename": "view_session"}}, {"model": "auth.permission", "pk": 25, "fields": {"name": "Can add department", "content_type": 7, "codename": "add_department"}}, {"model": "auth.permission", "pk": 26, "fields": {"name": "Can change department", "content_type": 7, "codename": "change_department"}}, {"model": "auth.permission", "pk": 27, "fields": {"name": "Can delete department", "content_type": 7, "codename": "delete_department"}}, {"model": "auth.permission", "pk": 28, "fields": {"name": "Can view department", "content_type": 7, "codename": "view_department"}}, {"model": "auth.permission", "pk": 29, "fields": {"name": "Can add task", "content_type": 8, "codename": "add_task"}}, {"model": "auth.permission", "pk": 30, "fields": {"name": "Can change task", "content_type": 8, "codename": "change_task"}}, {"model": "auth.permission", "pk": 31, "fields": {"name": "Can delete task", "content_type": 8, "codename": "delete_task"}}, {"model": "auth.permission", "pk": 32, "fields": {"name": "Can view task", "content_type": 8, "codename": "view_task"}}, {"model": "auth.permission", "pk": 33, "fields": {"name": "Can add user profile", "content_type": 9, "codename": "add_userprofile"}}, {"model": "auth.permission", "pk": 34, "fields": {"name": "Can change user profile", "content_type": 9, "codename": "change_userprofile"}}, {"model": "auth.permission", "pk": 35, "fields": {"name": "Can delete user profile", "content_type": 9, "codename": "delete_userprofile"}}, {"model": "auth.permission", "pk": 36, "fields": {"name": "Can view user profile", "content_type": 9, "codename": "view_userprofile"}}, {"model": "auth.user", "pk": 1, "fields": {"password": "pbkdf2_sha256$870000$jJAd3qUsZV2Dokdzz5IOM5$2G9uxLFuyJV48oFEypAnPSpq2cQQjbv4pGI+qagNIDE=", "last_login": "2024-10-28T14:19:14.247Z", "is_superuser": true, "username": "System_Manager", "first_name": "", "last_name": "", "email": "abc@gmail.com", "is_staff": true, "is_active": true, "date_joined": "2024-10-21T18:25:41Z", "groups": [], "user_permissions": []}}, {"model": "auth.user", "pk": 11, "fields": {"password": "pbkdf2_sha256$870000$WAEre7frABxJqRxqK6LNUJ$Znyn0pmiPpiRcsKBWAZTrzozQtXGb5t7+9zTkCnh8JY=", "last_login": "2024-10-28T11:38:16.439Z", "is_superuser": false, "username": "Gopala_Krishnan", "first_name": "Gopala", "last_name": "Krishnan", "email": "gopala.krishnan@inditech.co.in", "is_staff": false, "is_active": true, "date_joined": "2024-10-27T18:08:14Z", "groups": [], "user_permissions": []}}, {"model": "auth.user", "pk": 12, "fields": {"password": "pbkdf2_sha256$870000$OcxeyCeSruLu9rQib6lIJd$EBde75ByyJng96/Qd64HbrnaW8QmXXG9nEiMDcBN62o=", "last_login": null, "is_superuser": false, "username": "Amit_Gupta", "first_name": "Amit", "last_name": "Gupta", "email": "amit@inditech.co.in", "is_staff": false, "is_active": true, "date_joined": "2024-10-27T18:10:25Z", "groups": [], "user_permissions": []}}, {"model": "auth.user", "pk": 13, "fields": {"password": "pbkdf2_sha256$870000$omxV0nEcFJIz5OeVwktFbL$XNMXCiP4BOMmjKkgle7dlRNBE0Nk+JN/4o548wrlynk=", "last_login": "2024-10-28T11:54:18.654Z", "is_superuser": false, "username": "Simran_Galani", "first_name": "Simran", "last_name": "Galani", "email": "simran.galani@inditech.co.in", "is_staff": false, "is_active": true, "date_joined": "2024-10-27T18:11:12Z", "groups": [], "user_permissions": []}}, {"model": "auth.user", "pk": 14, "fields": {"password": "pbkdf2_sha256$870000$penxB1Vn7RPhbyYdnLfSWJ$iGbm7VUW9TsUxYR+DdQUK8iM7symOVS1baqOHAGUgIQ=", "last_login": null, "is_superuser": false, "username": "Janvi_Ojha", "first_name": "Janvi", "last_name": "Ojha", "email": "janvi.ojha@inditech.co.in", "is_staff": false, "is_active": true, "date_joined": "2024-10-27T18:13:13Z", "groups": [], "user_permissions": []}}, {"model": "auth.user", "pk": 15, "fields": {"password": "pbkdf2_sha256$870000$B5ZMfQ6P7w8dWC0b8fS3sz$5eKXY8Gz0idoRtX/EYOKXR0HP5ZsZmqOK3jfgwlrxIk=", "last_login": null, "is_superuser": false, "username": "Shivani_Kanathia", "first_name": "Shivani", "last_name": "Kanathia", "email": "shivani.kanathia@inditech.co.in", "is_staff": false, "is_active": true, "date_joined": "2024-10-27T18:14:02Z", "groups": [], "user_permissions": []}}, {"model": "auth.user", "pk": 16, "fields": {"password": "pbkdf2_sha256$870000$gEZ9tufOkhI35hNdlR5TeR$U/8eU0ACTdrUtW3gXxul3/ZJTH2b92NtpDuXH/0yp8k=", "last_login": null, "is_superuser": false, "username": "Sheyla_Gowher", "first_name": "Sheyla", "last_name": "Gowher", "email": "sheyla.gowher@inditech.co.in", "is_staff": false, "is_active": true, "date_joined": "2024-10-27T18:15:19Z", "groups": [], "user_permissions": []}}, {"model": "auth.user", "pk": 17, "fields": {"password": "pbkdf2_sha256$870000$BbTCi9kgfWpq2c1tfqpOp7$Qujtr1iPZjisqBk3xcNe6V5KoIfMq43P7vJWRBKyDDg=", "last_login": null, "is_superuser": false, "username": "Taniya_Adwani", "first_name": "Taniya", "last_name": "Adwani", "email": "taniya.adwani@inditech.co.in", "is_staff": false, "is_active": true, "date_joined": "2024-10-27T18:16:20Z", "groups": [], "user_permissions": []}}, {"model": "auth.user", "pk": 18, "fields": {"password": "pbkdf2_sha256$870000$jQDe6zjgQjMVETEoNEIY2o$zmf7mYGdBrX1nr0sBnFognRnXDW8d2Wrt0NM93s/oJs=", "last_login": null, "is_superuser": false, "username": "Prathamesh_Jadhav", "first_name": "Prathamesh", "last_name": "Jadhav", "email": "prathamesh.jadhav@inditech.co.in", "is_staff": false, "is_active": true, "date_joined": "2024-10-27T18:17:26Z", "groups": [], "user_permissions": []}}, {"model": "auth.user", "pk": 19, "fields": {"password": "pbkdf2_sha256$870000$PCJjBn96JQWMEJY9Obzgvz$XHMwooTFWLmoqe1u6B8k/QCHFqO0XC/wgc30a/yLayM=", "last_login": "2024-10-27T20:30:51.470Z", "is_superuser": false, "username": "M.Reddy_Devi_Vara_Prasad", "first_name": "", "last_name": "", "email": "dev.prasad@inditech.co.in", "is_staff": false, "is_active": true, "date_joined": "2024-10-27T18:18:36Z", "groups": [], "user_permissions": []}}, {"model": "auth.user", "pk": 20, "fields": {"password": "pbkdf2_sha256$870000$n1PuH77KsBYcBkr8BkWbt6$8HwBwqG67X2F8h9W53XUXC29aog1ECyT2d0UbudrTGA=", "last_login": null, "is_superuser": false, "username": "Aviral_Kanodia", "first_name": "", "last_name": "", "email": "aviral.kanodia@inditech.co.in", "is_staff": false, "is_active": true, "date_joined": "2024-10-27T18:19:15Z", "groups": [], "user_permissions": []}}, {"model": "auth.user", "pk": 21, "fields": {"password": "pbkdf2_sha256$870000$xdySDQlT83gkcx32bBk3pU$gK2SwcWaSah3XgV/DfOh4WBtSCXwBrVBH3LmP0w1O3o=", "last_login": "2024-10-27T20:32:35.126Z", "is_superuser": false, "username": "Niomi_Samani", "first_name": "", "last_name": "", "email": "niomi.samani@inditech.co.in", "is_staff": false, "is_active": true, "date_joined": "2024-10-27T18:20:02Z", "groups": [], "user_permissions": []}}, {"model": "auth.user", "pk": 22, "fields": {"password": "pbkdf2_sha256$870000$fuSBd1ri3zmwZ42iYj5BJN$CJ3iFzXGs/XMGR9/J4rPPfO6WSWVMVo2tHuN4qLQeMw=", "last_login": null, "is_superuser": false, "username": "Khushan_Poptani", "first_name": "", "last_name": "", "email": "khushan.poptani@inditech.co.in", "is_staff": false, "is_active": true, "date_joined": "2024-10-27T18:20:35Z", "groups": [], "user_permissions": []}}, {"model": "auth.user", "pk": 23, "fields": {"password": "pbkdf2_sha256$870000$bjHScMRnqyKDHoY2JAjQTj$NIVztLep9N01l2KlvTt2GwpHcWxwfKI3u2vY0yBtuq8=", "last_login": null, "is_superuser": false, "username": "Nikhil_Verma", "first_name": "", "last_name": "", "email": "nikhil.verma@inditech.co.in", "is_staff": false, "is_active": true, "date_joined": "2024-10-27T18:21:17Z", "groups": [], "user_permissions": []}}, {"model": "auth.user", "pk": 24, "fields": {"password": "pbkdf2_sha256$870000$dFkZoJYxaF8emk56tbYAjY$RqSlPpFiX0tbafbqUIhP11hBVTqF1IVPuOsi5RVAjQ0=", "last_login": null, "is_superuser": false, "username": "Gunjit_Sinha", "first_name": "", "last_name": "", "email": "gunjit.sinha@inditech.co.in", "is_staff": false, "is_active": true, "date_joined": "2024-10-27T18:21:58Z", "groups": [], "user_permissions": []}}, {"model": "auth.user", "pk": 25, "fields": {"password": "pbkdf2_sha256$870000$wqTcxKL5dFlZ5aLga2fRiv$t+U0Cgwomy/A178u5bw/mJPqCbS2pvZRhS7UAsmznlk=", "last_login": "2024-10-28T11:30:16.606Z", "is_superuser": false, "username": "Lokesh_Mehra", "first_name": "", "last_name": "", "email": "lokesh.mehra@inditech.co.in", "is_staff": false, "is_active": true, "date_joined": "2024-10-27T18:22:37Z", "groups": [], "user_permissions": []}}, {"model": "auth.user", "pk": 26, "fields": {"password": "pbkdf2_sha256$870000$HCUs2voIfHzgg6rorWkT3l$ewOw2vyDpdL4gcedAYEsJ6P/EW0sJDtIPL2RRfnUf5U=", "last_login": null, "is_superuser": false, "username": "Chinmay_Singh", "first_name": "", "last_name": "", "email": "chinmay.singh@inditech.co.in", "is_staff": false, "is_active": true, "date_joined": "2024-10-27T18:23:16Z", "groups": [], "user_permissions": []}}, {"model": "auth.user", "pk": 27, "fields": {"password": "pbkdf2_sha256$870000$nKrz6IzjyMWe3danLek7eE$4BXE/UODxzSJyuv/Ur+6527YFDhDNAh2WceGnikQMco=", "last_login": null, "is_superuser": false, "username": "Hima_Shaju", "first_name": "", "last_name": "", "email": "hima.shaju@inditech.co.in", "is_staff": false, "is_active": true, "date_joined": "2024-10-27T18:23:54Z", "groups": [], "user_permissions": []}}, {"model": "auth.user", "pk": 28, "fields": {"password": "pbkdf2_sha256$870000$FKT9ZE7rgzOtsbwuYWf3Gm$Ny9onf8F9GMEx1c4VOdB1uPI/yKELy+oGQ4+USY/3nk=", "last_login": null, "is_superuser": false, "username": "Ayush_Khopade", "first_name": "", "last_name": "", "email": "aayush.khopade@inditech.co.in", "is_staff": false, "is_active": true, "date_joined": "2024-10-27T18:26:50Z", "groups": [], "user_permissions": []}}, {"model": "auth.user", "pk": 29, "fields": {"password": "pbkdf2_sha256$870000$CUdVZnlW2A3Zd4QSwARyb4$1aiEWPdP3SKf3/l65O4qALloscCYWGl3ct81UWjpz8M=", "last_login": null, "is_superuser": false, "username": "Bhavesh_Kataria", "first_name": "", "last_name": "", "email": "bhavesh.kataria@inditech.co.in", "is_staff": false, "is_active": true, "date_joined": "2024-10-27T18:27:42Z", "groups": [], "user_permissions": []}}, {"model": "auth.user", "pk": 30, "fields": {"password": "pbkdf2_sha256$870000$IyD2uY9zPJQmbi9PJiNmgN$yk1SSlapDiloq1sxsdQSEYlbleKHY05zrIIPYdQlL4E=", "last_login": null, "is_superuser": false, "username": "Vaibhavi_Konde", "first_name": "", "last_name": "", "email": "vaibhavi.konde@inditech.co.in", "is_staff": false, "is_active": true, "date_joined": "2024-10-27T18:28:35Z", "groups": [], "user_permissions": []}}, {"model": "auth.user", "pk": 31, "fields": {"password": "pbkdf2_sha256$870000$WJfYptr6vbGJrE0eOEqong$Ekw8IFRPtT+O8r11Wzz+TeVz5tZsfHyaESn7afwS3Mk=", "last_login": null, "is_superuser": false, "username": "Dinesh_Kumar", "first_name": "", "last_name": "", "email": "dinesh.kumar@inditech.co.in", "is_staff": false, "is_active": true, "date_joined": "2024-10-27T18:29:15Z", "groups": [], "user_permissions": []}}, {"model": "auth.user", "pk": 32, "fields": {"password": "pbkdf2_sha256$870000$Z5pVSfmnaYqUTXea8pDM5Q$LJ0dDtwyUpOOTkFHbvomtLf7FcHztZMcPuSwYm3GXqo=", "last_login": null, "is_superuser": false, "username": "Ram_Choudhary", "first_name": "", "last_name": "", "email": "ram.choudhary@inditech.co.in", "is_staff": false, "is_active": true, "date_joined": "2024-10-27T18:29:50Z", "groups": [], "user_permissions": []}}, {"model": "auth.user", "pk": 33, "fields": {"password": "pbkdf2_sha256$870000$t8IirgE4sfMGeW6y7HJXwo$Gpqc3+PQQyINmpj4QH3gC5unChWQPwcNq0dzsaPaWBE=", "last_login": "2024-10-27T19:49:39.199Z", "is_superuser": false, "username": "Rashmi_Mohan", "first_name": "", "last_name": "", "email": "rashmi.mohan@inditech.co.in", "is_staff": false, "is_active": true, "date_joined": "2024-10-27T18:30:31Z", "groups": [], "user_permissions": []}}, {"model": "auth.user", "pk": 34, "fields": {"password": "pbkdf2_sha256$870000$hrVBPqzbvwCXAFqIi0Ay5O$71PeT7yYZ1j2DwIY9okeJI4bo/UWoa1T39Dq5+YG82Q=", "last_login": null, "is_superuser": false, "username": "Mubashir", "first_name": "", "last_name": "", "email": "shaikh.mubashir@inditech.co.in", "is_staff": false, "is_active": true, "date_joined": "2024-10-27T18:31:09Z", "groups": [], "user_permissions": []}}, {"model": "auth.user", "pk": 35, "fields": {"password": "pbkdf2_sha256$870000$lAXNYTPcSMiq45t6JiIKFK$/+U486Spar9qA9RtcTG6ZZL2/KaBFO9MCrhImimqYUg=", "last_login": null, "is_superuser": false, "username": "Souvik", "first_name": "", "last_name": "", "email": "souvik.dutta@inditech.co.in", "is_staff": false, "is_active": true, "date_joined": "2024-10-27T18:31:42Z", "groups": [], "user_permissions": []}}, {"model": "auth.user", "pk": 36, "fields": {"password": "pbkdf2_sha256$870000$NL302yGSiwPWezZ47nPOc8$qF598/Kl6g3v0hlUEp3yUmnwo0EYoUSB8wWykQ9Anb0=", "last_login": null, "is_superuser": false, "username": "Rounak", "first_name": "", "last_name": "", "email": "rounak.das@inditech.co.in", "is_staff": false, "is_active": true, "date_joined": "2024-10-27T18:32:21Z", "groups": [], "user_permissions": []}}, {"model": "auth.user", "pk": 37, "fields": {"password": "pbkdf2_sha256$870000$o3iBU91SKfxuJU0m1P7BMN$ksi3U+KlAfBwGQKa56Hu+YFQl0DMwc618wyUCUPG6wg=", "last_login": null, "is_superuser": false, "username": "Dr_Blessy", "first_name": "", "last_name": "", "email": "", "is_staff": false, "is_active": true, "date_joined": "2024-10-27T18:33:11.120Z", "groups": [], "user_permissions": []}}, {"model": "auth.user", "pk": 38, "fields": {"password": "pbkdf2_sha256$870000$l9S4XjGYF1xuuSGkcHEmyd$274FEDS0A71Iqm5y6CddrX9D8iaNsPI4jYag9Zk7fVE=", "last_login": null, "is_superuser": false, "username": "Dr_Raji", "first_name": "", "last_name": "", "email": "raj.chandran@inditech.co.in", "is_staff": false, "is_active": true, "date_joined": "2024-10-27T18:33:34Z", "groups": [], "user_permissions": []}}, {"model": "auth.user", "pk": 39, "fields": {"password": "pbkdf2_sha256$870000$RUUj4fjAIvKJdIFVfQJVFr$Ko9T/U8ppAk+wt3mjere1QN3gMO9VwGmYVVPW38odwE=", "last_login": null, "is_superuser": false, "username": "Dr_Subha", "first_name": "", "last_name": "", "email": "subha.metya@inditech.co.in", "is_staff": false, "is_active": true, "date_joined": "2024-10-27T18:34:11Z", "groups": [], "user_permissions": []}}, {"model": "auth.user", "pk": 40, "fields": {"password": "pbkdf2_sha256$870000$hpoKy1cHmEia53FJTh6ye0$2wqQ9TbjqJbeYcyKQByUXrbqalAUK2Ok2M2jI476Jn8=", "last_login": null, "is_superuser": false, "username": "Dr_Manvi", "first_name": "", "last_name": "", "email": "manvi.mukherjee@inditech.co.in", "is_staff": false, "is_active": true, "date_joined": "2024-10-27T18:34:48Z", "groups": [], "user_permissions": []}}, {"model": "auth.user", "pk": 41, "fields": {"password": "pbkdf2_sha256$870000$681UPXJD6l86WV1mrnMyXE$qyBHLnBk3H89kefJ7Zl0uM4kFx5JRJ9yerIUNZkEqR4=", "last_login": null, "is_superuser": false, "username": "Prathamesh", "first_name": "", "last_name": "", "email": "prathamesh.jadhav@inditech.co.in", "is_staff": false, "is_active": true, "date_joined": "2024-10-27T18:35:28Z", "groups": [], "user_permissions": []}}, {"model": "auth.user", "pk": 42, "fields": {"password": "pbkdf2_sha256$870000$e0buqeQRzsTcR4gBYZYACL$18WmeP7qAR+fl8fKSHwddpkq+r824QjoRg/epMGjGek=", "last_login": null, "is_superuser": false, "username": "Sweta", "first_name": "", "last_name": "", "email": "sweta.jha@inditech.co.in", "is_staff": false, "is_active": true, "date_joined": "2024-10-27T18:36:03Z", "groups": [], "user_permissions": []}}, {"model": "auth.user", "pk": 43, "fields": {"password": "pbkdf2_sha256$870000$KhXNgefpZFbQdu2evv7LvI$sY8VRGmoiia1HW9T3Ksl0bUZU4so1+7G4PP2u8jFQPg=", "last_login": null, "is_superuser": false, "username": "Abhilasha", "first_name": "", "last_name": "", "email": "abhilasha.jha@inditech.co.in", "is_staff": false, "is_active": true, "date_joined": "2024-10-27T18:36:47Z", "groups": [], "user_permissions": []}}, {"model": "auth.user", "pk": 44, "fields": {"password": "pbkdf2_sha256$870000$BoauUPf7uNvDF9fenHPmUe$lVcptESSKUtioY0wvz+bHuFZuSJRB5uyFk2R+8pVlnk=", "last_login": null, "is_superuser": false, "username": "Srishti", "first_name": "", "last_name": "", "email": "srishti.hingonia@inditech.co.in", "is_staff": false, "is_active": true, "date_joined": "2024-10-27T18:37:35Z", "groups": [], "user_permissions": []}}, {"model": "auth.user", "pk": 45, "fields": {"password": "pbkdf2_sha256$870000$JZUgvH7kVuuYqXbTfedFiO$GhUFTZHOtsaxP+3jN3HgDC9U962/OtTPkOy+/Aa0U3A=", "last_login": null, "is_superuser": false, "username": "Joel", "first_name": "", "last_name": "", "email": "joelgeorge.george@gmail.com", "is_staff": false, "is_active": true, "date_joined": "2024-10-27T18:38:07Z", "groups": [], "user_permissions": []}}, {"model": "auth.user", "pk": 46, "fields": {"password": "pbkdf2_sha256$870000$7RKzl6L11lq7FuMcT2wFjD$wyFWCpPODIUusu6Jg91h/gneTJmLGG2MEJL3bYDUd2s=", "last_login": null, "is_superuser": false, "username": "Faisal_Shaikh", "first_name": "", "last_name": "", "email": "", "is_staff": false, "is_active": true, "date_joined": "2024-10-27T18:38:55.091Z", "groups": [], "user_permissions": []}}, {"model": "contenttypes.contenttype", "pk": 1, "fields": {"app_label": "admin", "model": "logentry"}}, {"model": "contenttypes.contenttype", "pk": 2, "fields": {"app_label": "auth", "model": "permission"}}, {"model": "contenttypes.contenttype", "pk": 3, "fields": {"app_label": "auth", "model": "group"}}, {"model": "contenttypes.contenttype", "pk": 4, "fields": {"app_label": "auth", "model": "user"}}, {"model": "contenttypes.contenttype", "pk": 5, "fields": {"app_label": "contenttypes", "model": "contenttype"}}, {"model": "contenttypes.contenttype", "pk": 6, "fields": {"app_label": "sessions", "model": "session"}}, {"model": "contenttypes.contenttype", "pk": 7, "fields": {"app_label": "task_app", "model": "department"}}, {"model": "contenttypes.contenttype", "pk": 8, "fields": {"app_label": "task_app", "model": "task"}}, {"model": "contenttypes.contenttype", "pk": 9, "fields": {"app_label": "task_app", "model": "userprofile"}}, {"model": "sessions.session", "pk": "1v71pfe2xfs0d87ebotc3s5uff85c002", "fields": {"session_data": ".eJxVjEEOwiAQRe_C2hDKCBaX7j0DGZgZqRpISrsy3l2bdKHb_977LxVxXUpcO89xInVWoA6_W8L84LoBumO9NZ1bXeYp6U3RO-362oifl939OyjYy7cWFjkRuwTkbApHFAzBgB1NsEgSxBpiltH5jDCQZwGDnq0zg5DxoN4fF6k4xg:1t2z7S:x3UncpcdNyO9nNxC2ZZv9zbO_6jSxziEBffv7DL1NHY", "expire_date": "2024-11-04T20:35:14.689Z"}}, {"model": "sessions.session", "pk": "3ddtx4gi4ipbiiq3volur48aqa5usx0l", "fields": {"session_data": ".eJxVjE0OgjAYRO_StWnaUlrq0j1nIN9fLWogobAy3l1IWGgyq3lv5q0G2NYybFWWYWR1Va26_HYI9JTpAPyA6T5rmqd1GVEfij5p1f3M8rqd7t9BgVr2tUsBW5upYQIx1nJGTwlTZxuKIXtvnDXIHTqJaQ95J0I-grQ-gLHq8wX1ETgt:1t3Tqe:kDVa8LIlWnhPp38qaipRDhG80p9VGPFrYcM4rbCco_A", "expire_date": "2024-11-06T05:23:56.657Z"}}, {"model": "sessions.session", "pk": "5ji0se3jk2b1px4slsku64d0iwwkr2jg", "fields": {"session_data": ".eJxVjEEOwiAQRe_C2hAGKFCX7j0DmYGpVA0kpV0Z765NutDtf-_9l4i4rSVunZc4Z3EWIE6_G2F6cN1BvmO9NZlaXZeZ5K7Ig3Z5bZmfl8P9OyjYy7dO1g5Zq0mlwZABYHbeBTeOxkGafECL6DMGMFoDaeOtVsQAgUlhDkm8P8hRN1o:1t5QaQ:sOYtt-xPu56x_HVRdRppt9GZ1jLl9IAOTM1_f2h4Tyc", "expire_date": "2024-11-11T14:19:14.272Z"}}, {"model": "sessions.session", "pk": "74gioyv6stantrauqhu4gwm59o282976", "fields": {"session_data": ".eJxVjEEOwiAQRe_C2hAGKFCX7j0DmYGpVA0kpV0Z765NutDtf-_9l4i4rSVunZc4Z3EWIE6_G2F6cN1BvmO9NZlaXZeZ5K7Ig3Z5bZmfl8P9OyjYy7dO1g5Zq0mlwZABYHbeBTeOxkGafECL6DMGMFoDaeOtVsQAgUlhDkm8P8hRN1o:1t59R7:caj06WO6AJOpWpcurxDBXVs581YViWzhFHd8_B7r0gU", "expire_date": "2024-11-10T20:00:29.676Z"}}, {"model": "sessions.session", "pk": "7u6o0xguxw9571k9tv0pgdtq94nsker4", "fields": {"session_data": ".eJxVjEEOwiAQRe_C2hAGKFCX7j0DmYGpVA0kpV0Z765NutDtf-_9l4i4rSVunZc4Z3EWIE6_G2F6cN1BvmO9NZlaXZeZ5K7Ig3Z5bZmfl8P9OyjYy7dO1g5Zq0mlwZABYHbeBTeOxkGafECL6DMGMFoDaeOtVsQAgUlhDkm8P8hRN1o:1t3M0S:2AMLeYTvWX3Gc1PWxr7-EHIygilDiIRY2VKnVT83e0k", "expire_date": "2024-11-05T21:01:32.613Z"}}, {"model": "sessions.session", "pk": "8o8oor8q2hj1p1m00mcl7ddxi177xgnn", "fields": {"session_data": ".eJxVjEEOwiAQRe_C2hDKCBaX7j0DGZgZqRpISrsy3l2bdKHb_977LxVxXUpcO89xInVWoA6_W8L84LoBumO9NZ1bXeYp6U3RO-362oifl939OyjYy7cWFjkRuwTkbApHFAzBgB1NsEgSxBpiltH5jDCQZwGDnq0zg5DxoN4fF6k4xg:1t2zFU:GtG_A91CPCPFdwbxfgAba-UM3H3jmdyK_Dw1xuyHrLQ", "expire_date": "2024-11-04T20:43:32.920Z"}}, {"model": "sessions.session", "pk": "9hkp8vb2dvwwi64s094157co87jv12ex", "fields": {"session_data": ".eJxVjMsOwiAQRf-FtSEwjDC4dN9vIMNDqRqalHZl_HfbpAvdnnPufYvA61LD2sscxiwuQitx-oWR07O03eQHt_sk09SWeYxyT-RhuxymXF7Xo_07qNzrtiZG7TTEW0znhAmQwRkD5LXNVNAbx1oZIlQbocyAQDazB-fJAqD4fAHdLzZb:1t3LSa:yGVOLIDUHCzoTcjQQaGuzaTlLZDM-JG3UqRxnSUF6-c", "expire_date": "2024-11-05T20:26:32.061Z"}}, {"model": "sessions.session", "pk": "dczh270gyaoa7j68gpms8p25nrr20uuo", "fields": {"session_data": ".eJxVjEEOwiAQRe_C2hDKCBaX7j0DGZgZqRpISrsy3l2bdKHb_977LxVxXUpcO89xInVWoA6_W8L84LoBumO9NZ1bXeYp6U3RO-362oifl939OyjYy7cWFjkRuwTkbApHFAzBgB1NsEgSxBpiltH5jDCQZwGDnq0zg5DxoN4fF6k4xg:1t2z6L:BP0HeijbsKhL4r4nmL7kIE-wbonVeTu3cmxXYvIpSQk", "expire_date": "2024-11-04T20:34:05.494Z"}}, {"model": "sessions.session", "pk": "ek6rq7lixvd9l18wqw6kv0qht0ysfkrw", "fields": {"session_data": ".eJxVjDEOwjAMRe-SGUWJqZOGkZ0zVHbskgJqpaadEHdHkTrA-t97_20G2rcy7FXXYRJzMeDN6Xdkyk-dG5EHzffF5mXe1oltU-xBq70toq_r4f4dFKql1RC7EFJmTkAJzyOqY6dInjNEkQweGRFGr-J85wJiJBHh3iuEXs3nCw4sOFQ:1t59wB:jpoLkBgbcy_DCzuYe5dhYm7uGUgzDVL26UdIkvDvOgI", "expire_date": "2024-11-10T20:32:35.130Z"}}, {"model": "sessions.session", "pk": "f71shk0g1311cm01fxo0uas6kcf3ybfg", "fields": {"session_data": ".eJxVjMsOwiAQRf-FtSEwjDC4dN9vIMNDqRqalHZl_HfbpAvdnnPufYvA61LD2sscxiwuQitx-oWR07O03eQHt_sk09SWeYxyT-RhuxymXF7Xo_07qNzrtiZG7TTEW0znhAmQwRkD5LXNVNAbx1oZIlQbocyAQDazB-fJAqD4fAHdLzZb:1t3UoP:yYnrX2IlfKd1xyeX8oWEjQ77yB9xhYUyfNQ2j1oCQD4", "expire_date": "2024-11-06T06:25:41.162Z"}}, {"model": "sessions.session", "pk": "jaoh2k4ktyp9kjk95610owe6kgepvg56", "fields": {"session_data": ".eJxVjEEOwiAQRe_C2hAGKFCX7j0DmYGpVA0kpV0Z765NutDtf-_9l4i4rSVunZc4Z3EWIE6_G2F6cN1BvmO9NZlaXZeZ5K7Ig3Z5bZmfl8P9OyjYy7dO1g5Zq0mlwZABYHbeBTeOxkGafECL6DMGMFoDaeOtVsQAgUlhDkm8P8hRN1o:1t3brb:Wjoqi6pwPwwRruoNlhh8xfc_OwcVeQ6Bvr63lDslYB4", "expire_date": "2024-11-06T13:57:27.549Z"}}, {"model": "sessions.session", "pk": "kx0jh4t6v7pbs3g0vky2w4x086wdawwg", "fields": {"session_data": ".eJxVjEEOwiAQRe_C2hDKCBaX7j0DGZgZqRpISrsy3l2bdKHb_977LxVxXUpcO89xInVWoA6_W8L84LoBumO9NZ1bXeYp6U3RO-362oifl939OyjYy7cWFjkRuwTkbApHFAzBgB1NsEgSxBpiltH5jDCQZwGDnq0zg5DxoN4fF6k4xg:1t2ywJ:wi0V-q5hoUAnDLTR4cg-PKbjn7wjzrkh4B9-ed5-9O0", "expire_date": "2024-11-04T20:23:43.931Z"}}, {"model": "sessions.session", "pk": "o1p39vqx1ekvdik2flc3j3pevudqnrw5", "fields": {"session_data": ".eJxVjEEOwiAQRe_C2hDKCBaX7j0DGZgZqRpISrsy3l2bdKHb_977LxVxXUpcO89xInVWoA6_W8L84LoBumO9NZ1bXeYp6U3RO-362oifl939OyjYy7cWFjkRuwTkbApHFAzBgB1NsEgSxBpiltH5jDCQZwGDnq0zg5DxoN4fF6k4xg:1t2zEZ:7qyphY2h-ui5XkQ2evK-C6lbbwdcxfzoVkp6ASimvps", "expire_date": "2024-11-04T20:42:35.191Z"}}, {"model": "sessions.session", "pk": "owumjsycvxej809yvqoke5aqayfrwt91", "fields": {"session_data": ".eJxVjE0OgjAYRO_StWnaUlrq0j1nIN9fLWogobAy3l1IWGgyq3lv5q0G2NYybFWWYWR1Va26_HYI9JTpAPyA6T5rmqd1GVEfij5p1f3M8rqd7t9BgVr2tUsBW5upYQIx1nJGTwlTZxuKIXtvnDXIHTqJaQ95J0I-grQ-gLHq8wX1ETgt:1t3F35:PFxCx1bBV6u8WI5q7DVHrz61tAz0jsXFdHD8N098_Cs", "expire_date": "2024-11-05T13:35:47.171Z"}}, {"model": "sessions.session", "pk": "p5effk9vjy3rbrua04x92x6fjvzt7vwp", "fields": {"session_data": ".eJxVjMsOwiAQRf-FtSEwjDC4dN9vIMNDqRqalHZl_HfbpAvdnnPufYvA61LD2sscxiwuQitx-oWR07O03eQHt_sk09SWeYxyT-RhuxymXF7Xo_07qNzrtiZG7TTEW0znhAmQwRkD5LXNVNAbx1oZIlQbocyAQDazB-fJAqD4fAHdLzZb:1t3KGR:CVrYrrw92PDbNEaLLn-CZOqqoZALWmA_NEHC4fA4rJo", "expire_date": "2024-11-05T19:09:55.159Z"}}, {"model": "sessions.session", "pk": "ql3qwkazod0yia9smdrn4mkcr8zsrf47", "fields": {"session_data": ".eJxVjEEOwiAQRe_C2hAGKFCX7j0DmYGpVA0kpV0Z765NutDtf-_9l4i4rSVunZc4Z3EWIE6_G2F6cN1BvmO9NZlaXZeZ5K7Ig3Z5bZmfl8P9OyjYy7dO1g5Zq0mlwZABYHbeBTeOxkGafECL6DMGMFoDaeOtVsQAgUlhDkm8P8hRN1o:1t3UX5:eF_7JqTLXFHwLk-WtVYx54Szj7NnT5KzKXp5xXgasqM", "expire_date": "2024-11-06T06:07:47.890Z"}}, {"model": "sessions.session", "pk": "qu72z3nnw396lc1edz11k5kxojehkeft", "fields": {"session_data": ".eJxVjEEOwiAQRe_C2hDKCBaX7j0DGZgZqRpISrsy3l2bdKHb_977LxVxXUpcO89xInVWoA6_W8L84LoBumO9NZ1bXeYp6U3RO-362oifl939OyjYy7cWFjkRuwTkbApHFAzBgB1NsEgSxBpiltH5jDCQZwGDnq0zg5DxoN4fF6k4xg:1t2z24:eNZz9recGcursSbP9YUCd8S6JnpIDrlv4IIYeovWaag", "expire_date": "2024-11-04T20:29:40.269Z"}}, {"model": "sessions.session", "pk": "sfviyo66lso009v8ill6q4cxr5fnqkyf", "fields": {"session_data": ".eJxVjMsOwiAQRf-FtSFAebp07zeQgRmkaiAp7cr479qkC93ec859sQjbWuM2aIkzsjNz7PS7JcgPajvAO7Rb57m3dZkT3xV-0MGvHel5Ody_gwqjfuvs0WiXLGlEa0haJzGJQp6y1sEkRTpPeipCACrjS0kBFUCQIMiYoNj7A_5QOGk:1t3bUb:p9EiuLVedDodv3iJvmnAtg2Y6Vvc1t_4Vq26GJCLX5Q", "expire_date": "2024-11-06T13:33:41.906Z"}}, {"model": "sessions.session", "pk": "u06j7bui4a9xv2ruk17legmnddisukya", "fields": {"session_data": ".eJxVjEEOwiAQRe_C2hAGKFCX7j0DmYGpVA0kpV0Z765NutDtf-_9l4i4rSVunZc4Z3EWIE6_G2F6cN1BvmO9NZlaXZeZ5K7Ig3Z5bZmfl8P9OyjYy7dO1g5Zq0mlwZABYHbeBTeOxkGafECL6DMGMFoDaeOtVsQAgUlhDkm8P8hRN1o:1t57aM:sKfQw0HLLP8xHYk-ihDBJRMYWWAmMhrsst_L9hY748E", "expire_date": "2024-11-10T18:01:54.718Z"}}, {"model": "sessions.session", "pk": "u0nu7uhlz9bi5k1pdkzi7g7q6vptzrae", "fields": {"session_data": ".eJxVjEEOwiAQRe_C2hCgZQou3XsGMjCDVA0kpV0Z765NutDtf-_9lwi4rSVsnZcwkzgLJ06_W8T04LoDumO9NZlaXZc5yl2RB-3y2oifl8P9OyjYy7cGZR34zDACIaKyI0_aKc_Jos4WFCrSxmaVtB0GcoY9GWDWHniKOor3B9ZCN6Q:1t2z8E:-1yUZz2hpI40melS9RL7IyC9S0ZZajj7aNHGxEXVb8M", "expire_date": "2024-11-04T20:36:02.105Z"}}, {"model": "sessions.session", "pk": "w8zjeqt9tglxs37mwkmbwuavigxv1dkw", "fields": {"session_data": ".eJxVjEEOwiAQRe_C2hDKCBaX7j0DGZgZqRpISrsy3l2bdKHb_977LxVxXUpcO89xInVWoA6_W8L84LoBumO9NZ1bXeYp6U3RO-362oifl939OyjYy7cWFjkRuwTkbApHFAzBgB1NsEgSxBpiltH5jDCQZwGDnq0zg5DxoN4fF6k4xg:1t3Jgc:EYKssLGnZybn4sXpEua0T2GT_vkN9vC6p3FN0KjJjvY", "expire_date": "2024-11-05T18:32:54.995Z"}}, {"model": "sessions.session", "pk": "wfv5vi8mx7nmsf890qyauvz0po0n90cu", "fields": {"session_data": ".eJxVjEEOwiAQRe_C2pBBhlFcuu8ZCMOAVA1NSrsy3l2bdKHb_977LxXiutSw9jyHUdRFkTr8bhzTI7cNyD2226TT1JZ5ZL0peqddD5Pk53V3_w5q7PVbAxEIGY8FrS9EFqJnmzizIBRk9GKFxbNBnxiSODybIg6OkO3JOvX-AN-ON80:1t2z7u:QJ7Cs1B3Zt94Feh81_yT2CjA4NZ3WSavHmWFP4GKggQ", "expire_date": "2024-11-04T20:35:42.328Z"}}, {"model": "sessions.session", "pk": "yno1cmkos53tew985ojmgv0pe6rgze4o", "fields": {"session_data": ".eJxVjEEOwiAQRe_C2hDKCBaX7j0DGZgZqRpISrsy3l2bdKHb_977LxVxXUpcO89xInVWoA6_W8L84LoBumO9NZ1bXeYp6U3RO-362oifl939OyjYy7cWFjkRuwTkbApHFAzBgB1NsEgSxBpiltH5jDCQZwGDnq0zg5DxoN4fF6k4xg:1t2zBc:WG4_fApG2W0OaZkIDApg-S9QxG3rCpaiUfmQWfXx204", "expire_date": "2024-11-04T20:39:32.184Z"}}, {"model": "task_app.department", "pk": 1, "fields": {"name": "MANAGEMENT"}}, {"model": "task_app.department", "pk": 2, "fields": {"name": "CONTENT"}}, {"model": "task_app.department", "pk": 3, "fields": {"name": "PRODUCT"}}, {"model": "task_app.department", "pk": 4, "fields": {"name": "SALES"}}, {"model": "task_app.department", "pk": 5, "fields": {"name": "TECHNOLOGY"}}, {"model": "task_app.userprofile", "pk": 1, "fields": {"user": 1, "category": "Task Management System Manager", "department": null, "reports_to": null}}, {"model": "task_app.userprofile", "pk": 10, "fields": {"user": 43, "category": "Non-Management", "department": 2, "reports_to": null}}, {"model": "task_app.userprofile", "pk": 11, "fields": {"user": 12, "category": "Executive Management", "department": 1, "reports_to": null}}, {"model": "task_app.userprofile", "pk": 12, "fields": {"user": 20, "category": "Non-Management", "department": 5, "reports_to": null}}, {"model": "task_app.userprofile", "pk": 13, "fields": {"user": 28, "category": "Non-Management", "department": 5, "reports_to": null}}, {"model": "task_app.userprofile", "pk": 14, "fields": {"user": 29, "category": "Departmental Manager", "department": 4, "reports_to": null}}, {"model": "task_app.userprofile", "pk": 15, "fields": {"user": 26, "category": "Non-Management", "department": 5, "reports_to": null}}, {"model": "task_app.userprofile", "pk": 16, "fields": {"user": 31, "category": "Non-Management", "department": 4, "reports_to": null}}, {"model": "task_app.userprofile", "pk": 17, "fields": {"user": 37, "category": "Non-Management", "department": 2, "reports_to": null}}, {"model": "task_app.userprofile", "pk": 18, "fields": {"user": 40, "category": "Non-Management", "department": 2, "reports_to": null}}, {"model": "task_app.userprofile", "pk": 19, "fields": {"user": 38, "category": "Non-Management", "department": 2, "reports_to": null}}, {"model": "task_app.userprofile", "pk": 20, "fields": {"user": 39, "category": "Non-Management", "department": 2, "reports_to": null}}, {"model": "task_app.userprofile", "pk": 21, "fields": {"user": 46, "category": "Non-Management", "department": 2, "reports_to": null}}, {"model": "task_app.userprofile", "pk": 22, "fields": {"user": 11, "category": "Executive Management", "department": 1, "reports_to": null}}, {"model": "task_app.userprofile", "pk": 23, "fields": {"user": 24, "category": "Non-Management", "department": 5, "reports_to": null}}, {"model": "task_app.userprofile", "pk": 24, "fields": {"user": 27, "category": "Non-Management", "department": 5, "reports_to": null}}, {"model": "task_app.userprofile", "pk": 25, "fields": {"user": 14, "category": "Non-Management", "department": 3, "reports_to": null}}, {"model": "task_app.userprofile", "pk": 26, "fields": {"user": 45, "category": "Non-Management", "department": 2, "reports_to": null}}, {"model": "task_app.userprofile", "pk": 27, "fields": {"user": 22, "category": "Non-Management", "department": 5, "reports_to": null}}, {"model": "task_app.userprofile", "pk": 28, "fields": {"user": 25, "category": "Non-Management", "department": 5, "reports_to": null}}, {"model": "task_app.userprofile", "pk": 29, "fields": {"user": 19, "category": "Departmental Manager", "department": 5, "reports_to": null}}, {"model": "task_app.userprofile", "pk": 30, "fields": {"user": 34, "category": "Non-Management", "department": 2, "reports_to": null}}, {"model": "task_app.userprofile", "pk": 31, "fields": {"user": 23, "category": "Non-Management", "department": 5, "reports_to": null}}, {"model": "task_app.userprofile", "pk": 32, "fields": {"user": 21, "category": "Non-Management", "department": 5, "reports_to": null}}, {"model": "task_app.userprofile", "pk": 33, "fields": {"user": 41, "category": "Non-Management", "department": 2, "reports_to": null}}, {"model": "task_app.userprofile", "pk": 34, "fields": {"user": 18, "category": "Non-Management", "department": 3, "reports_to": null}}, {"model": "task_app.userprofile", "pk": 35, "fields": {"user": 32, "category": "Non-Management", "department": 4, "reports_to": null}}, {"model": "task_app.userprofile", "pk": 36, "fields": {"user": 33, "category": "Departmental Manager", "department": 2, "reports_to": null}}, {"model": "task_app.userprofile", "pk": 37, "fields": {"user": 36, "category": "Non-Management", "department": 2, "reports_to": null}}, {"model": "task_app.userprofile", "pk": 38, "fields": {"user": 16, "category": "Non-Management", "department": 3, "reports_to": null}}, {"model": "task_app.userprofile", "pk": 39, "fields": {"user": 15, "category": "Non-Management", "department": 3, "reports_to": null}}, {"model": "task_app.userprofile", "pk": 40, "fields": {"user": 13, "category": "Departmental Manager", "department": 3, "reports_to": null}}, {"model": "task_app.userprofile", "pk": 41, "fields": {"user": 35, "category": "Non-Management", "department": 2, "reports_to": null}}, {"model": "task_app.userprofile", "pk": 42, "fields": {"user": 44, "category": "Non-Management", "department": 2, "reports_to": null}}, {"model": "task_app.userprofile", "pk": 43, "fields": {"user": 42, "category": "Non-Management", "department": 2, "reports_to": null}}, {"model": "task_app.userprofile", "pk": 44, "fields": {"user": 17, "category": "Non-Management", "department": 3, "reports_to": null}}, {"model": "task_app.userprofile", "pk": 45, "fields": {"user": 30, "category": "Non-Management", "department": 4, "reports_to": null}}, {"model": "task_app.task", "pk": 9, "fields": {"task_id": "TEC-JLKMTE", "department": 5, "assigned_by": 11, "assigned_to": 25, "assigned_date": "2024-10-27T18:55:56.464Z", "deadline": "2024-10-31", "revised_completion_date": null, "reasons_for_revision": "", "task_summary": "task management system django", "supporting_files": "supporting_files/Screenshot_2024-10-27_183114.png", "task_category_functional": "Category1", "task_category_priority": "Fixed", "status_update_assignor": "Stalled", "status_update_assignee": "In Progress", "comments_by_manager": "do it quickly", "comments_by_assignee": "working on it"}}, {"model": "task_app.task", "pk": 10, "fields": {"task_id": "TEC-NFQ6CG", "department": 5, "assigned_by": 19, "assigned_to": 25, "assigned_date": "2024-10-27T19:09:25.666Z", "deadline": "2024-10-31", "revised_completion_date": null, "reasons_for_revision": "", "task_summary": "hklhjgfhfkfkf", "supporting_files": "supporting_files/Screenshot_2024-10-27_183114_DTVaTdJ.png", "task_category_functional": "Bug Fixing - Live", "task_category_priority": "1", "status_update_assignor": "Stalled", "status_update_assignee": "In Progress", "comments_by_manager": "urgent", "comments_by_assignee": ""}}, {"model": "task_app.task", "pk": 11, "fields": {"task_id": "CON-YOYCOT", "department": 2, "assigned_by": 19, "assigned_to": 33, "assigned_date": "2024-10-27T19:48:48.695Z", "deadline": "2024-10-30", "revised_completion_date": null, "reasons_for_revision": "", "task_summary": "do the following in content", "supporting_files": "supporting_files/Screenshot_2024-10-27_183114_NNYm7Iy.png", "task_category_functional": "Testing", "task_category_priority": "7", "status_update_assignor": "Stalled", "status_update_assignee": "In Progress", "comments_by_manager": "urgent", "comments_by_assignee": "working on it"}}, {"model": "task_app.task", "pk": 12, "fields": {"task_id": "TEC-M3L01J", "department": 5, "assigned_by": 19, "assigned_to": 21, "assigned_date": "2024-10-27T20:31:58.835Z", "deadline": "2024-10-30", "revised_completion_date": null, "reasons_for_revision": "", "task_summary": "jghhhthdfhfh", "supporting_files": "supporting_files/Screenshot_2024-10-27_183023.png", "task_category_functional": "Testing", "task_category_priority": "5", "status_update_assignor": "In Progress", "status_update_assignee": "On-Hold", "comments_by_manager": "lgkhhgdjgjngfg fggjgfhghfgfi", "comments_by_assignee": "gfgfgfgfg"}}, {"model": "task_app.task", "pk": 13, "fields": {"task_id": "TEC-K9GTU0", "department": 5, "assigned_by": 13, "assigned_to": 19, "assigned_date": "2024-10-28T11:55:26.865Z", "deadline": "2024-10-31", "revised_completion_date": null, "reasons_for_revision": "", "task_summary": "task management system", "supporting_files": "supporting_files/Assignment_3.pdf", "task_category_functional": "Testing", "task_category_priority": "6", "status_update_assignor": "On-Hold", "status_update_assignee": "Not Started", "comments_by_manager": "it is urgent", "comments_by_assignee": null}}]
